Товар;Единица измерения;Вес ЕдИзм(Кг);Группа товаров;Количество;Цена;Предоплата;Продавец;Город;Банк
Гречка;Мешок;50;Крупы;50;388,75;0,7;Успех;Иркутск;Богатырский
"Конфеты ""Ананасные""";Коробка;0,3;Кондитерские изделия;269;56,16;0,7;Успех;Иркутск;Богатырский
"Конфеты ""Асорти""";Коробка;0,4;Кондитерские изделия;223;21,79;0,7;Успех;Иркутск;Богатырский
"Конфеты ""Весна""";Коробка;0,5;Кондитерские изделия;13;26,41;0,7;Успех;Иркутск;Богатырский
Овсянка;Мешок;20;Крупы;14;498,82;0,7;Успех;Иркутск;Богатырский
Пшено;Мешок;50;Крупы;49;156,55;0,7;Успех;Иркутск;Богатырский
Рис;Мешок;50;Крупы;19;472,47;0,7;Успех;Иркутск;Богатырский
Сигареты Fine Line;Блок;0,2;Табачные изделия;35;80,06;0,7;Успех;Иркутск;Богатырский
Сигареты LM;Блок;0,2;Табачные изделия;15;115,23;0,7;Успех;Иркутск;Богатырский
"Конфеты ""Асорти""";Коробка;0,4;Кондитерские изделия;37;24,42;0,5;Успех;Иркутск;Богатырский
"Конфеты ""Весна""";Коробка;0,5;Кондитерские изделия;10;21,22;0,5;Успех;Иркутск;Богатырский
Крупа манная;Мешок;50;Крупы;52;461,78;0,5;Успех;Иркутск;Богатырский
Пшено;Мешок;50;Крупы;12;196,68;0,5;Успех;Иркутск;Богатырский
Рис;Мешок;50;Крупы;9;204,59;0,5;Успех;Иркутск;Богатырский
Сигареты Fine Line;Блок;0,2;Табачные изделия;16;130,35;0,5;Успех;Иркутск;Богатырский
Сигареты MarlBoro;Блок;0,2;Табачные изделия;21;145,53;0,5;Успех;Иркутск;Богатырский
"Конфеты ""Ананасные""";Коробка;0,3;Кондитерские изделия;5;59,29;0,9;Успех;Иркутск;Богатырский
"Конфеты ""Асорти""";Коробка;0,4;Кондитерские изделия;7;34,97;0,9;Успех;Иркутск;Богатырский
"Конфеты ""Весна""";Коробка;0,5;Кондитерские изделия;62;13,75;0,9;Успех;Иркутск;Богатырский
"Конфеты ""Визит""";Коробка;0,6;Кондитерские изделия;116;49,15;0,9;Успех;Иркутск;Богатырский
Крупа манная;Мешок;50;Крупы;129;489,73;0,9;Успех;Иркутск;Богатырский
Овсянка;Мешок;20;Крупы;94;450;0,9;Успех;Иркутск;Богатырский
Рис;Мешок;50;Крупы;108;362,7;0,9;Успех;Иркутск;Богатырский
Сигареты Fine Line;Блок;0,2;Табачные изделия;14;159,08;0,9;Успех;Иркутск;Богатырский
Сигареты MarlBoro;Блок;0,2;Табачные изделия;38;86,35;0,9;Успех;Иркутск;Богатырский
Сигареты Петр 1;Блок;0,2;Табачные изделия;52;71,98;0,9;Успех;Иркутск;Богатырский
"Конфеты ""Ананасные""";Коробка;0,3;Кондитерские изделия;19;49,38;0,3;Успех;Иркутск;Богатырский
"Конфеты ""Асорти""";Коробка;0,4;Кондитерские изделия;23;41,71;0,3;Успех;Иркутск;Богатырский
"Конфеты ""Визит""";Коробка;0,6;Кондитерские изделия;41;95,82;0,3;Успех;Иркутск;Богатырский
Крупа манная;Мешок;50;Крупы;22;220,96;0,3;Успех;Иркутск;Богатырский
Крупа перловая;Мешок;50;Крупы;162;291,37;0,3;Успех;Иркутск;Богатырский
Овсянка;Мешок;20;Крупы;36;189,62;0,3;Успех;Иркутск;Богатырский
Сигареты Fine Line;Блок;0,2;Табачные изделия;9;195,47;0,3;Успех;Иркутск;Богатырский
Сигареты LM;Блок;0,2;Табачные изделия;180;177,62;0,3;Успех;Иркутск;Богатырский
"Конфеты ""Ананасные""";Коробка;0,3;Кондитерские изделия;114;27,36;0,7;Успех;Иркутск;Богатырский
Крупа перловая;Мешок;50;Крупы;45;335,26;0,7;Успех;Иркутск;Богатырский
Пшено;Мешок;50;Крупы;40;342,44;0,7;Успех;Иркутск;Богатырский
Рис;Мешок;50;Крупы;30;428,28;0,7;Успех;Иркутск;Богатырский
Сигареты LM;Блок;0,2;Табачные изделия;128;117,33;0,7;Успех;Иркутск;Богатырский
Сигареты MarlBoro;Блок;0,2;Табачные изделия;28;206,78;0,7;Успех;Иркутск;Богатырский
Сигареты Петр 1;Блок;0,2;Табачные изделия;227;56,66;0,7;Успех;Иркутск;Богатырский
"Конфеты ""Ананасные""";Коробка;0,3;Кондитерские изделия;25;32,12;0,8;Успех;Иркутск;Богатырский
"Конфеты ""Асорти""";Коробка;0,4;Кондитерские изделия;61;24,55;0,8;Успех;Иркутск;Богатырский
Крупа манная;Мешок;50;Крупы;11;389,45;0,8;Успех;Иркутск;Богатырский
Овсянка;Мешок;20;Крупы;15;241,4;0,8;Успех;Иркутск;Богатырский
Пшено;Мешок;50;Крупы;175;199,79;0,8;Успех;Иркутск;Богатырский
Гречка;Мешок;50;Крупы;10;357,82;0,2;Успех;Иркутск;Богатырский
"Конфеты ""Ананасные""";Коробка;0,3;Кондитерские изделия;18;43,22;0,2;Успех;Иркутск;Богатырский
"Конфеты ""Асорти""";Коробка;0,4;Кондитерские изделия;300;23,27;0,2;Успех;Иркутск;Богатырский
"Конфеты ""Весна""";Коробка;0,5;Кондитерские изделия;18;26,16;0,2;Успех;Иркутск;Богатырский
"Конфеты ""Визит""";Коробка;0,6;Кондитерские изделия;11;94,16;0,2;Успех;Иркутск;Богатырский
Крупа манная;Мешок;50;Крупы;10;579,73;0,2;Успех;Иркутск;Богатырский
Овсянка;Мешок;20;Крупы;17;388,97;0,2;Успех;Иркутск;Богатырский
Пшено;Мешок;50;Крупы;193;305,94;0,2;Успех;Иркутск;Богатырский
Рис;Мешок;50;Крупы;20;352,34;0,2;Успех;Иркутск;Богатырский
"Конфеты ""Ананасные""";Коробка;0,3;Кондитерские изделия;10;26,49;0,4;Успех;Иркутск;Богатырский
"Конфеты ""Асорти""";Коробка;0,4;Кондитерские изделия;39;30,17;0,4;Успех;Иркутск;Богатырский
Крупа перловая;Мешок;50;Крупы;22;362,14;0,4;Успех;Иркутск;Богатырский
Пшено;Мешок;50;Крупы;221;187,88;0,4;Успех;Иркутск;Богатырский
Сигареты LM;Блок;0,2;Табачные изделия;65;63,95;0,4;Успех;Иркутск;Богатырский
Сигареты MarlBoro;Блок;0,2;Табачные изделия;12;79,99;0,4;Успех;Иркутск;Богатырский
"Конфеты ""Визит""";Коробка;0,6;Кондитерские изделия;22;86,46;0,5;Успех;Иркутск;Богатырский
Овсянка;Мешок;20;Крупы;6;323,88;0,5;Успех;Иркутск;Богатырский
Сигареты Fine Line;Блок;0,2;Табачные изделия;7;140,96;0,5;Успех;Иркутск;Богатырский
Сигареты Петр 1;Блок;0,2;Табачные изделия;13;69,55;0,5;Успех;Иркутск;Богатырский
Гречка;Мешок;50;Крупы;61;380;0,7;СибАтом;Ангарск;Надежный
"Конфеты ""Асорти""";Коробка;0,4;Кондитерские изделия;20;48,94;0,7;СибАтом;Ангарск;Надежный
"Конфеты ""Весна""";Коробка;0,5;Кондитерские изделия;161;10,05;0,7;СибАтом;Ангарск;Надежный
Крупа манная;Мешок;50;Крупы;43;336,85;0,7;СибАтом;Ангарск;Надежный
Крупа перловая;Мешок;50;Крупы;41;283,48;0,7;СибАтом;Ангарск;Надежный
Овсянка;Мешок;20;Крупы;22;238,44;0,7;СибАтом;Ангарск;Надежный
Пшено;Мешок;50;Крупы;38;247,68;0,7;СибАтом;Ангарск;Надежный
Сигареты Fine Line;Блок;0,2;Табачные изделия;14;166,11;0,7;СибАтом;Ангарск;Надежный
Сигареты MarlBoro;Блок;0,2;Табачные изделия;18;202,49;0,7;СибАтом;Ангарск;Надежный
Сигареты Петр 1;Блок;0,2;Табачные изделия;23;39,17;0,7;СибАтом;Ангарск;Надежный
"Конфеты ""Визит""";Коробка;0,6;Кондитерские изделия;22;65,43;1;СибАтом;Ангарск;Надежный
Крупа перловая;Мешок;50;Крупы;68;346,11;1;СибАтом;Ангарск;Надежный
Рис;Мешок;50;Крупы;28;208,04;1;СибАтом;Ангарск;Надежный
Сигареты MarlBoro;Блок;0,2;Табачные изделия;12;187,4;1;СибАтом;Ангарск;Надежный
Гречка;Мешок;50;Крупы;23;397,18;0,9;СибАтом;Ангарск;Надежный
"Конфеты ""Ананасные""";Коробка;0,3;Кондитерские изделия;9;35,08;0,9;СибАтом;Ангарск;Надежный
"Конфеты ""Весна""";Коробка;0,5;Кондитерские изделия;21;20,23;0,9;СибАтом;Ангарск;Надежный
"Конфеты ""Визит""";Коробка;0,6;Кондитерские изделия;44;35,5;0,9;СибАтом;Ангарск;Надежный
Пшено;Мешок;50;Крупы;48;292,22;0,9;СибАтом;Ангарск;Надежный
Сигареты Fine Line;Блок;0,2;Табачные изделия;29;128,47;0,9;СибАтом;Ангарск;Надежный
Сигареты Петр 1;Блок;0,2;Табачные изделия;19;67,31;0,9;СибАтом;Ангарск;Надежный
Гречка;Мешок;50;Крупы;48;394,68;0,3;СибАтом;Ангарск;Надежный
"Конфеты ""Ананасные""";Коробка;0,3;Кондитерские изделия;23;54,77;0,3;СибАтом;Ангарск;Надежный
"Конфеты ""Асорти""";Коробка;0,4;Кондитерские изделия;7;35,33;0,3;СибАтом;Ангарск;Надежный
Крупа манная;Мешок;50;Крупы;15;380;0,3;СибАтом;Ангарск;Надежный
Крупа перловая;Мешок;50;Крупы;276;355,23;0,3;СибАтом;Ангарск;Надежный
Рис;Мешок;50;Крупы;6;452,1;0,3;СибАтом;Ангарск;Надежный
Сигареты Fine Line;Блок;0,2;Табачные изделия;19;101,92;0,3;СибАтом;Ангарск;Надежный
Сигареты LM;Блок;0,2;Табачные изделия;28;90,45;0,3;СибАтом;Ангарск;Надежный
Сигареты MarlBoro;Блок;0,2;Табачные изделия;18;168,16;0,3;СибАтом;Ангарск;Надежный
Сигареты Петр 1;Блок;0,2;Табачные изделия;33;49,03;0,3;СибАтом;Ангарск;Надежный
"Конфеты ""Асорти""";Коробка;0,4;Кондитерские изделия;9;36,19;0,6;СибАтом;Ангарск;Надежный
"Конфеты ""Весна""";Коробка;0,5;Кондитерские изделия;9;17,9;0,6;СибАтом;Ангарск;Надежный
Крупа манная;Мешок;50;Крупы;23;574,38;0,6;СибАтом;Ангарск;Надежный
Крупа перловая;Мешок;50;Крупы;127;202,11;0,6;СибАтом;Ангарск;Надежный
Пшено;Мешок;50;Крупы;5;254,68;0,6;СибАтом;Ангарск;Надежный
Сигареты Fine Line;Блок;0,2;Табачные изделия;190;95,36;0,6;СибАтом;Ангарск;Надежный
Гречка;Мешок;50;Крупы;37;169,8;0,2;СибАтом;Ангарск;Надежный
"Конфеты ""Ананасные""";Коробка;0,3;Кондитерские изделия;40;56,49;0,2;СибАтом;Ангарск;Надежный
"Конфеты ""Асорти""";Коробка;0,4;Кондитерские изделия;21;19,88;0,2;СибАтом;Ангарск;Надежный
Крупа манная;Мешок;50;Крупы;37;594,52;0,2;СибАтом;Ангарск;Надежный
Крупа перловая;Мешок;50;Крупы;18;210,49;0,2;СибАтом;Ангарск;Надежный
Сигареты Fine Line;Блок;0,2;Табачные изделия;18;220,14;0,2;СибАтом;Ангарск;Надежный
Сигареты LM;Блок;0,2;Табачные изделия;23;132;0,2;СибАтом;Ангарск;Надежный
Сигареты MarlBoro;Блок;0,2;Табачные изделия;39;142,42;0,2;СибАтом;Ангарск;Надежный
"Конфеты ""Ананасные""";Коробка;0,3;Кондитерские изделия;6;54,36;0,8;СибАтом;Ангарск;Надежный
"Конфеты ""Асорти""";Коробка;0,4;Кондитерские изделия;64;34,97;0,8;СибАтом;Ангарск;Надежный
"Конфеты ""Визит""";Коробка;0,6;Кондитерские изделия;18;76,85;0,8;СибАтом;Ангарск;Надежный
Овсянка;Мешок;20;Крупы;45;477,74;0,8;СибАтом;Ангарск;Надежный
Пшено;Мешок;50;Крупы;77;378,95;0,8;СибАтом;Ангарск;Надежный
Рис;Мешок;50;Крупы;186;250,5;0,8;СибАтом;Ангарск;Надежный
Сигареты Fine Line;Блок;0,2;Табачные изделия;7;86,78;0,8;СибАтом;Ангарск;Надежный
Сигареты MarlBoro;Блок;0,2;Табачные изделия;15;170,83;0,8;СибАтом;Ангарск;Надежный
"Конфеты ""Весна""";Коробка;0,5;Кондитерские изделия;47;24,6;1;СибАтом;Ангарск;Надежный
"Конфеты ""Визит""";Коробка;0,6;Кондитерские изделия;9;47,55;1;СибАтом;Ангарск;Надежный
Крупа манная;Мешок;50;Крупы;7;258,36;1;СибАтом;Ангарск;Надежный
Овсянка;Мешок;20;Крупы;24;197,75;1;СибАтом;Ангарск;Надежный
Рис;Мешок;50;Крупы;6;498,02;1;СибАтом;Ангарск;Надежный
Сигареты MarlBoro;Блок;0,2;Табачные изделия;6;191,98;1;СибАтом;Ангарск;Надежный
Гречка;Мешок;50;Крупы;9;221,02;0,3;Вест;Шелехов;Универсал
"Конфеты ""Весна""";Коробка;0,5;Кондитерские изделия;10;25,89;0,3;Вест;Шелехов;Универсал
"Конфеты ""Визит""";Коробка;0,6;Кондитерские изделия;14;70,56;0,3;Вест;Шелехов;Универсал
Крупа перловая;Мешок;50;Крупы;9;160,93;0,3;Вест;Шелехов;Универсал
Пшено;Мешок;50;Крупы;15;266,84;0,3;Вест;Шелехов;Универсал
Рис;Мешок;50;Крупы;17;314,71;0,3;Вест;Шелехов;Универсал
Гречка;Мешок;50;Крупы;36;303,48;0,9;Вест;Шелехов;Универсал
"Конфеты ""Ананасные""";Коробка;0,3;Кондитерские изделия;60;22,34;0,9;Вест;Шелехов;Универсал
"Конфеты ""Асорти""";Коробка;0,4;Кондитерские изделия;17;43,48;0,9;Вест;Шелехов;Универсал
"Конфеты ""Весна""";Коробка;0,5;Кондитерские изделия;24;10,9;0,9;Вест;Шелехов;Универсал
Крупа манная;Мешок;50;Крупы;67;506,58;0,9;Вест;Шелехов;Универсал
Овсянка;Мешок;20;Крупы;98;455,92;0,9;Вест;Шелехов;Универсал
Пшено;Мешок;50;Крупы;177;308,53;0,9;Вест;Шелехов;Универсал
Рис;Мешок;50;Крупы;14;325,76;0,9;Вест;Шелехов;Универсал
Сигареты Fine Line;Блок;0,2;Табачные изделия;14;196,4;0,9;Вест;Шелехов;Универсал
Сигареты LM;Блок;0,2;Табачные изделия;158;95,14;0,9;Вест;Шелехов;Универсал
Сигареты MarlBoro;Блок;0,2;Табачные изделия;18;74,07;0,9;Вест;Шелехов;Универсал
Сигареты Петр 1;Блок;0,2;Табачные изделия;16;46,01;0,9;Вест;Шелехов;Универсал
Гречка;Мешок;50;Крупы;18;241,64;0,8;Вест;Шелехов;Универсал
"Конфеты ""Асорти""";Коробка;0,4;Кондитерские изделия;20;19,16;0,8;Вест;Шелехов;Универсал
"Конфеты ""Весна""";Коробка;0,5;Кондитерские изделия;268;15,58;0,8;Вест;Шелехов;Универсал
"Конфеты ""Визит""";Коробка;0,6;Кондитерские изделия;10;41,78;0,8;Вест;Шелехов;Универсал
Крупа перловая;Мешок;50;Крупы;49;149,1;0,8;Вест;Шелехов;Универсал
Овсянка;Мешок;20;Крупы;16;320,55;0,8;Вест;Шелехов;Универсал
Сигареты Fine Line;Блок;0,2;Табачные изделия;31;208,9;0,8;Вест;Шелехов;Универсал
Сигареты MarlBoro;Блок;0,2;Табачные изделия;5;117,57;0,8;Вест;Шелехов;Универсал
Сигареты Петр 1;Блок;0,2;Табачные изделия;15;44,1;0,8;Вест;Шелехов;Универсал
"Конфеты ""Ананасные""";Коробка;0,3;Кондитерские изделия;13;31,88;0,3;Вест;Шелехов;Универсал
Крупа манная;Мешок;50;Крупы;10;241,1;0,3;Вест;Шелехов;Универсал
Крупа перловая;Мешок;50;Крупы;82;178,93;0,3;Вест;Шелехов;Универсал
Овсянка;Мешок;20;Крупы;31;241,03;0,3;Вест;Шелехов;Универсал
Пшено;Мешок;50;Крупы;63;265,55;0,3;Вест;Шелехов;Универсал
Рис;Мешок;50;Крупы;236;272,94;0,3;Вест;Шелехов;Универсал
Сигареты Fine Line;Блок;0,2;Табачные изделия;37;182,19;0,3;Вест;Шелехов;Универсал
Сигареты LM;Блок;0,2;Табачные изделия;17;168,37;0,3;Вест;Шелехов;Универсал
Сигареты MarlBoro;Блок;0,2;Табачные изделия;23;116,09;0,3;Вест;Шелехов;Универсал
"Конфеты ""Ананасные""";Коробка;0,3;Кондитерские изделия;70;53,53;0,5;Вест;Шелехов;Универсал
"Конфеты ""Асорти""";Коробка;0,4;Кондитерские изделия;9;25,01;0,5;Вест;Шелехов;Универсал
"Конфеты ""Визит""";Коробка;0,6;Кондитерские изделия;24;36,78;0,5;Вест;Шелехов;Универсал
Овсянка;Мешок;20;Крупы;180;360,12;0,5;Вест;Шелехов;Универсал
Пшено;Мешок;50;Крупы;74;347,36;0,5;Вест;Шелехов;Универсал
Сигареты Fine Line;Блок;0,2;Табачные изделия;129;96,93;0,5;Вест;Шелехов;Универсал
Сигареты LM;Блок;0,2;Табачные изделия;89;142,36;0,5;Вест;Шелехов;Универсал
Сигареты MarlBoro;Блок;0,2;Табачные изделия;167;179,11;0,5;Вест;Шелехов;Универсал
Сигареты Петр 1;Блок;0,2;Табачные изделия;78;90,85;0,5;Вест;Шелехов;Универсал
"Конфеты ""Асорти""";Коробка;0,4;Кондитерские изделия;41;26,62;0,8;Вест;Шелехов;Универсал
"Конфеты ""Весна""";Коробка;0,5;Кондитерские изделия;37;20,41;0,8;Вест;Шелехов;Универсал
"Конфеты ""Визит""";Коробка;0,6;Кондитерские изделия;15;77,04;0,8;Вест;Шелехов;Универсал
Крупа манная;Мешок;50;Крупы;17;308,49;0,8;Вест;Шелехов;Универсал
Крупа перловая;Мешок;50;Крупы;5;259,32;0,8;Вест;Шелехов;Универсал
Овсянка;Мешок;20;Крупы;8;479,96;0,8;Вест;Шелехов;Универсал
Сигареты Fine Line;Блок;0,2;Табачные изделия;29;114,57;0,8;Вест;Шелехов;Универсал
Сигареты LM;Блок;0,2;Табачные изделия;14;76,03;0,8;Вест;Шелехов;Универсал
Сигареты MarlBoro;Блок;0,2;Табачные изделия;68;165,06;0,8;Вест;Шелехов;Универсал
Сигареты Петр 1;Блок;0,2;Табачные изделия;66;78,49;0,8;Вест;Шелехов;Универсал
Гречка;Мешок;50;Крупы;17;412,79;0,3;Вест;Шелехов;Универсал
"Конфеты ""Весна""";Коробка;0,5;Кондитерские изделия;24;10,88;0,3;Вест;Шелехов;Универсал
Крупа перловая;Мешок;50;Крупы;145;305,18;0,3;Вест;Шелехов;Универсал
Сигареты LM;Блок;0,2;Табачные изделия;111;180,45;0,3;Вест;Шелехов;Универсал
Сигареты MarlBoro;Блок;0,2;Табачные изделия;12;191,98;0,3;Вест;Шелехов;Универсал
Гречка;Мешок;50;Крупы;26;208,53;0,1;Вест;Шелехов;Универсал
"Конфеты ""Ананасные""";Коробка;0,3;Кондитерские изделия;16;26,78;0,1;Вест;Шелехов;Универсал
"Конфеты ""Весна""";Коробка;0,5;Кондитерские изделия;66;16,86;0,1;Вест;Шелехов;Универсал
"Конфеты ""Визит""";Коробка;0,6;Кондитерские изделия;8;32,1;0,1;Вест;Шелехов;Универсал
Пшено;Мешок;50;Крупы;16;166,91;0,1;Вест;Шелехов;Универсал
Рис;Мешок;50;Крупы;10;327,14;0,1;Вест;Шелехов;Универсал
Сигареты LM;Блок;0,2;Табачные изделия;32;165,66;0,1;Вест;Шелехов;Универсал
Сигареты Петр 1;Блок;0,2;Табачные изделия;14;52,98;0,1;Вест;Шелехов;Универсал
Гречка;Мешок;50;Крупы;8;181,98;1;Вест;Шелехов;Универсал
"Конфеты ""Ананасные""";Коробка;0,3;Кондитерские изделия;17;61,42;1;Вест;Шелехов;Универсал
Крупа манная;Мешок;50;Крупы;44;554,66;1;Вест;Шелехов;Универсал
Овсянка;Мешок;20;Крупы;123;283,56;1;Вест;Шелехов;Универсал
Пшено;Мешок;50;Крупы;46;202,38;1;Вест;Шелехов;Универсал
Рис;Мешок;50;Крупы;10;292,62;1;Вест;Шелехов;Универсал
Сигареты Петр 1;Блок;0,2;Табачные изделия;5;74,21;1;Вест;Шелехов;Универсал
Гречка;Мешок;50;Крупы;80;322,22;0,5;Вест;Шелехов;Универсал
"Конфеты ""Визит""";Коробка;0,6;Кондитерские изделия;128;87,23;0,5;Вест;Шелехов;Универсал
Овсянка;Мешок;20;Крупы;21;280,23;0,5;Вест;Шелехов;Универсал
Сигареты Fine Line;Блок;0,2;Табачные изделия;41;115,98;0,5;Вест;Шелехов;Универсал
Сигареты MarlBoro;Блок;0,2;Табачные изделия;17;96,41;0,5;Вест;Шелехов;Универсал
Сигареты Петр 1;Блок;0,2;Табачные изделия;28;36,67;0,5;Вест;Шелехов;Универсал
Гречка;Мешок;50;Крупы;19;157,93;0,7;Вест;Шелехов;Универсал
"Конфеты ""Асорти""";Коробка;0,4;Кондитерские изделия;11;16,72;0,7;Вест;Шелехов;Универсал
"Конфеты ""Визит""";Коробка;0,6;Кондитерские изделия;20;73,32;0,7;Вест;Шелехов;Универсал
Крупа манная;Мешок;50;Крупы;26;368,08;0,7;Вест;Шелехов;Универсал
Сигареты MarlBoro;Блок;0,2;Табачные изделия;70;110,47;0,7;Вест;Шелехов;Универсал
Гречка;Мешок;50;Крупы;97;417,79;0,7;Вест;Шелехов;Универсал
"Конфеты ""Ананасные""";Коробка;0,3;Кондитерские изделия;7;39,32;0,7;Вест;Шелехов;Универсал
"Конфеты ""Асорти""";Коробка;0,4;Кондитерские изделия;30;47,56;0,7;Вест;Шелехов;Универсал
Крупа манная;Мешок;50;Крупы;20;258,36;0,7;Вест;Шелехов;Универсал
Крупа перловая;Мешок;50;Крупы;275;308,88;0,7;Вест;Шелехов;Универсал
Овсянка;Мешок;20;Крупы;6;462,95;0,7;Вест;Шелехов;Универсал
Пшено;Мешок;50;Крупы;18;275,13;0,7;Вест;Шелехов;Универсал
Сигареты LM;Блок;0,2;Табачные изделия;14;65,42;0,7;Вест;Шелехов;Универсал
Сигареты MarlBoro;Блок;0,2;Табачные изделия;21;221,13;0,7;Вест;Шелехов;Универсал
Сигареты Петр 1;Блок;0,2;Табачные изделия;7;34,43;0,7;Вест;Шелехов;Универсал
Гречка;Мешок;50;Крупы;9;432,16;0,7;Норд;Иркутск;Универсал
"Конфеты ""Асорти""";Коробка;0,4;Кондитерские изделия;11;27,87;0,7;Норд;Иркутск;Универсал
"Конфеты ""Весна""";Коробка;0,5;Кондитерские изделия;146;22,65;0,7;Норд;Иркутск;Универсал
Пшено;Мешок;50;Крупы;89;308,53;0,7;Норд;Иркутск;Универсал
Рис;Мешок;50;Крупы;6;453,83;0,7;Норд;Иркутск;Универсал
Сигареты LM;Блок;0,2;Табачные изделия;49;91,56;0,7;Норд;Иркутск;Универсал
Сигареты MarlBoro;Блок;0,2;Табачные изделия;25;86,65;0,7;Норд;Иркутск;Универсал
Сигареты Петр 1;Блок;0,2;Табачные изделия;28;89,99;0,7;Норд;Иркутск;Универсал
Крупа манная;Мешок;50;Крупы;45;586,71;0,2;Норд;Иркутск;Универсал
Крупа перловая;Мешок;50;Крупы;18;229,48;0,2;Норд;Иркутск;Универсал
Овсянка;Мешок;20;Крупы;19;290,22;0,2;Норд;Иркутск;Универсал
Сигареты Fine Line;Блок;0,2;Табачные изделия;19;154,55;0,2;Норд;Иркутск;Универсал
Сигареты LM;Блок;0,2;Табачные изделия;41;175,27;0,2;Норд;Иркутск;Универсал
Сигареты MarlBoro;Блок;0,2;Табачные изделия;22;95,38;0,2;Норд;Иркутск;Универсал
Гречка;Мешок;50;Крупы;14;424,98;0,3;Норд;Иркутск;Универсал
"Конфеты ""Асорти""";Коробка;0,4;Кондитерские изделия;7;34,77;0,3;Норд;Иркутск;Универсал
"Конфеты ""Визит""";Коробка;0,6;Кондитерские изделия;22;81,4;0,3;Норд;Иркутск;Универсал
Крупа манная;Мешок;50;Крупы;10;542,33;0,3;Норд;Иркутск;Универсал
Сигареты Fine Line;Блок;0,2;Табачные изделия;35;225,92;0,3;Норд;Иркутск;Универсал
"Конфеты ""Визит""";Коробка;0,6;Кондитерские изделия;91;49,47;0,6;Норд;Иркутск;Универсал
Крупа манная;Мешок;50;Крупы;36;476,16;0,6;Норд;Иркутск;Универсал
Овсянка;Мешок;20;Крупы;44;489,21;0,6;Норд;Иркутск;Универсал
Рис;Мешок;50;Крупы;148;282,95;0,6;Норд;Иркутск;Универсал
Сигареты LM;Блок;0,2;Табачные изделия;74;154,19;0,6;Норд;Иркутск;Универсал
Сигареты MarlBoro;Блок;0,2;Табачные изделия;9;123,48;0,6;Норд;Иркутск;Универсал
Сигареты Петр 1;Блок;0,2;Табачные изделия;20;95,65;0,6;Норд;Иркутск;Универсал
Гречка;Мешок;50;Крупы;86;391,24;0,7;Норд;Иркутск;Универсал
"Конфеты ""Визит""";Коробка;0,6;Кондитерские изделия;9;47,04;0,7;Норд;Иркутск;Универсал
Пшено;Мешок;50;Крупы;58;161,99;0,7;Норд;Иркутск;Универсал
Рис;Мешок;50;Крупы;12;429,32;0,7;Норд;Иркутск;Универсал
Сигареты Fine Line;Блок;0,2;Табачные изделия;91;82,25;0,7;Норд;Иркутск;Универсал
Сигареты LM;Блок;0,2;Табачные изделия;5;128,05;0,7;Норд;Иркутск;Универсал
Сигареты Петр 1;Блок;0,2;Табачные изделия;114;95,65;0,7;Норд;Иркутск;Универсал
"Конфеты ""Весна""";Коробка;0,5;Кондитерские изделия;30;24,26;0,4;Норд;Иркутск;Универсал
Пшено;Мешок;50;Крупы;31;229,3;0,4;Норд;Иркутск;Универсал
Сигареты Fine Line;Блок;0,2;Табачные изделия;35;115,35;0,4;Норд;Иркутск;Универсал
Сигареты LM;Блок;0,2;Табачные изделия;19;91,44;0,4;Норд;Иркутск;Универсал
Гречка;Мешок;50;Крупы;237;449,96;0,1;Норд;Иркутск;Универсал
Крупа манная;Мешок;50;Крупы;120;450,68;0,1;Норд;Иркутск;Универсал
Крупа перловая;Мешок;50;Крупы;20;325,4;0,1;Норд;Иркутск;Универсал
Овсянка;Мешок;20;Крупы;118;463,32;0,1;Норд;Иркутск;Универсал
Пшено;Мешок;50;Крупы;33;296,1;0,1;Норд;Иркутск;Универсал
Сигареты Петр 1;Блок;0,2;Табачные изделия;137;78,36;0,1;Норд;Иркутск;Универсал
Гречка;Мешок;50;Крупы;86;258,5;0,9;Норд;Иркутск;Универсал
"Конфеты ""Асорти""";Коробка;0,4;Кондитерские изделия;7;47,07;0,9;Норд;Иркутск;Универсал
"Конфеты ""Весна""";Коробка;0,5;Кондитерские изделия;246;19;0,9;Норд;Иркутск;Универсал
"Конфеты ""Визит""";Коробка;0,6;Кондитерские изделия;54;76,14;0,9;Норд;Иркутск;Универсал
Крупа манная;Мешок;50;Крупы;5;282,19;0,9;Норд;Иркутск;Универсал
Крупа перловая;Мешок;50;Крупы;9;220,85;0,9;Норд;Иркутск;Универсал
Сигареты MarlBoro;Блок;0,2;Табачные изделия;21;190,65;0,9;Норд;Иркутск;Универсал
"Конфеты ""Ананасные""";Коробка;0,3;Кондитерские изделия;28;30,15;0,5;Норд;Иркутск;Универсал
"Конфеты ""Весна""";Коробка;0,5;Кондитерские изделия;30;20,95;0,5;Норд;Иркутск;Универсал
"Конфеты ""Визит""";Коробка;0,6;Кондитерские изделия;8;86,46;0,5;Норд;Иркутск;Универсал
Сигареты Fine Line;Блок;0,2;Табачные изделия;99;227,17;0,5;Норд;Иркутск;Универсал
Сигареты MarlBoro;Блок;0,2;Табачные изделия;93;157,36;0,5;Норд;Иркутск;Универсал
Сигареты Петр 1;Блок;0,2;Табачные изделия;54;86,58;0,5;Норд;Иркутск;Универсал
"Конфеты ""Ананасные""";Коробка;0,3;Кондитерские изделия;29;30,15;0,1;Единство;Ангарск;Надежный
"Конфеты ""Асорти""";Коробка;0,4;Кондитерские изделия;11;28,79;0,1;Единство;Ангарск;Надежный
"Конфеты ""Весна""";Коробка;0,5;Кондитерские изделия;138;25,92;0,1;Единство;Ангарск;Надежный
"Конфеты ""Визит""";Коробка;0,6;Кондитерские изделия;76;76,14;0,1;Единство;Ангарск;Надежный
Крупа манная;Мешок;50;Крупы;8;222,19;0,1;Единство;Ангарск;Надежный
Рис;Мешок;50;Крупы;9;215,29;0,1;Единство;Ангарск;Надежный
Сигареты Fine Line;Блок;0,2;Табачные изделия;14;204,52;0,1;Единство;Ангарск;Надежный
Сигареты Петр 1;Блок;0,2;Табачные изделия;66;76,19;0,1;Единство;Ангарск;Надежный
"Конфеты ""Асорти""";Коробка;0,4;Кондитерские изделия;43;36,68;0,8;Единство;Ангарск;Надежный
"Конфеты ""Весна""";Коробка;0,5;Кондитерские изделия;17;19,02;0,8;Единство;Ангарск;Надежный
"Конфеты ""Визит""";Коробка;0,6;Кондитерские изделия;277;62,29;0,8;Единство;Ангарск;Надежный
Крупа манная;Мешок;50;Крупы;34;479,45;0,8;Единство;Ангарск;Надежный
Крупа перловая;Мешок;50;Крупы;15;185,1;0,8;Единство;Ангарск;Надежный
Пшено;Мешок;50;Крупы;23;330,02;0,8;Единство;Ангарск;Надежный
Рис;Мешок;50;Крупы;6;333,7;0,8;Единство;Ангарск;Надежный
Сигареты MarlBoro;Блок;0,2;Табачные изделия;20;111,06;0,8;Единство;Ангарск;Надежный
Гречка;Мешок;50;Крупы;23;455,27;0,4;Единство;Ангарск;Надежный
"Конфеты ""Ананасные""";Коробка;0,3;Кондитерские изделия;63;23,37;0,4;Единство;Ангарск;Надежный
"Конфеты ""Асорти""";Коробка;0,4;Кондитерские изделия;15;17,22;0,4;Единство;Ангарск;Надежный
"Конфеты ""Весна""";Коробка;0,5;Кондитерские изделия;36;9,16;0,4;Единство;Ангарск;Надежный
"Конфеты ""Визит""";Коробка;0,6;Кондитерские изделия;18;56,01;0,4;Единство;Ангарск;Надежный
Крупа манная;Мешок;50;Крупы;56;395,62;0,4;Единство;Ангарск;Надежный
Крупа перловая;Мешок;50;Крупы;129;137,01;0,4;Единство;Ангарск;Надежный
Овсянка;Мешок;20;Крупы;11;323,88;0,4;Единство;Ангарск;Надежный
Пшено;Мешок;50;Крупы;16;317,07;0,4;Единство;Ангарск;Надежный
Сигареты MarlBoro;Блок;0,2;Табачные изделия;70;190,65;0,4;Единство;Ангарск;Надежный
Сигареты Петр 1;Блок;0,2;Табачные изделия;21;89,47;0,4;Единство;Ангарск;Надежный
"Конфеты ""Весна""";Коробка;0,5;Кондитерские изделия;19;25,27;0,6;Единство;Ангарск;Надежный
Крупа манная;Мешок;50;Крупы;15;376,3;0,6;Единство;Ангарск;Надежный
Пшено;Мешок;50;Крупы;20;193,06;0,6;Единство;Ангарск;Надежный
Сигареты LM;Блок;0,2;Табачные изделия;147;85,52;0,6;Единство;Ангарск;Надежный
Сигареты MarlBoro;Блок;0,2;Табачные изделия;67;201,16;0,6;Единство;Ангарск;Надежный
"Конфеты ""Ананасные""";Коробка;0,3;Кондитерские изделия;24;37,47;1;Единство;Ангарск;Надежный
"Конфеты ""Асорти""";Коробка;0,4;Кондитерские изделия;23;19,58;1;Единство;Ангарск;Надежный
"Конфеты ""Визит""";Коробка;0,6;Кондитерские изделия;165;45,37;1;Единство;Ангарск;Надежный
Овсянка;Мешок;20;Крупы;18;423,74;1;Единство;Ангарск;Надежный
Рис;Мешок;50;Крупы;185;228,76;1;Единство;Ангарск;Надежный
Сигареты Fine Line;Блок;0,2;Табачные изделия;7;86,78;1;Единство;Ангарск;Надежный
Сигареты LM;Блок;0,2;Табачные изделия;84;83,3;1;Единство;Ангарск;Надежный
Сигареты MarlBoro;Блок;0,2;Табачные изделия;18;88,13;1;Единство;Ангарск;Надежный
Гречка;Мешок;50;Крупы;9;220,09;0,2;Единство;Ангарск;Надежный
"Конфеты ""Асорти""";Коробка;0,4;Кондитерские изделия;64;43,98;0,2;Единство;Ангарск;Надежный
"Конфеты ""Визит""";Коробка;0,6;Кондитерские изделия;167;46,52;0,2;Единство;Ангарск;Надежный
Овсянка;Мешок;20;Крупы;8;204,78;0,2;Единство;Ангарск;Надежный
Пшено;Мешок;50;Крупы;227;323,8;0,2;Единство;Ангарск;Надежный
Рис;Мешок;50;Крупы;13;365,11;0,2;Единство;Ангарск;Надежный
Сигареты LM;Блок;0,2;Табачные изделия;6;152,96;0,2;Единство;Ангарск;Надежный
"Конфеты ""Ананасные""";Коробка;0,3;Кондитерские изделия;19;59,29;0,4;Ромашка;Шелехов;Гарант
"Конфеты ""Асорти""";Коробка;0,4;Кондитерские изделия;81;47,13;0,4;Ромашка;Шелехов;Гарант
Крупа манная;Мешок;50;Крупы;9;431,37;0,4;Ромашка;Шелехов;Гарант
Пшено;Мешок;50;Крупы;8;275,39;0,4;Ромашка;Шелехов;Гарант
Рис;Мешок;50;Крупы;19;402,39;0,4;Ромашка;Шелехов;Гарант
Сигареты Fine Line;Блок;0,2;Табачные изделия;6;229,98;0,4;Ромашка;Шелехов;Гарант
Сигареты LM;Блок;0,2;Табачные изделия;45;96,37;0,4;Ромашка;Шелехов;Гарант
Сигареты MarlBoro;Блок;0,2;Табачные изделия;31;202,04;0,4;Ромашка;Шелехов;Гарант
Сигареты Петр 1;Блок;0,2;Табачные изделия;19;58,24;0,4;Ромашка;Шелехов;Гарант
"Конфеты ""Ананасные""";Коробка;0,3;Кондитерские изделия;20;47,08;0,1;Ромашка;Шелехов;Гарант
"Конфеты ""Асорти""";Коробка;0,4;Кондитерские изделия;47;30,83;0,1;Ромашка;Шелехов;Гарант
"Конфеты ""Визит""";Коробка;0,6;Кондитерские изделия;193;50,63;0,1;Ромашка;Шелехов;Гарант
Крупа манная;Мешок;50;Крупы;39;208,22;0,1;Ромашка;Шелехов;Гарант
Крупа перловая;Мешок;50;Крупы;37;326,14;0,1;Ромашка;Шелехов;Гарант
Овсянка;Мешок;20;Крупы;17;513,99;0,1;Ромашка;Шелехов;Гарант
Пшено;Мешок;50;Крупы;28;232,93;0,1;Ромашка;Шелехов;Гарант
Рис;Мешок;50;Крупы;82;432,43;0,1;Ромашка;Шелехов;Гарант
Сигареты MarlBoro;Блок;0,2;Табачные изделия;11;170,98;0,1;Ромашка;Шелехов;Гарант
"Конфеты ""Ананасные""";Коробка;0,3;Кондитерские изделия;6;41,66;0,2;Ромашка;Шелехов;Гарант
"Конфеты ""Асорти""";Коробка;0,4;Кондитерские изделия;9;21,95;0,2;Ромашка;Шелехов;Гарант
"Конфеты ""Весна""";Коробка;0,5;Кондитерские изделия;7;15,45;0,2;Ромашка;Шелехов;Гарант
Овсянка;Мешок;20;Крупы;57;208,48;0,2;Ромашка;Шелехов;Гарант
Пшено;Мешок;50;Крупы;63;132,73;0,2;Ромашка;Шелехов;Гарант
Сигареты Fine Line;Блок;0,2;Табачные изделия;154;127,22;0,2;Ромашка;Шелехов;Гарант
Сигареты LM;Блок;0,2;Табачные изделия;45;126,7;0,2;Ромашка;Шелехов;Гарант
Гречка;Мешок;50;Крупы;21;328,47;0,3;Ромашка;Шелехов;Гарант
"Конфеты ""Весна""";Коробка;0,5;Кондитерские изделия;18;15,16;0,3;Ромашка;Шелехов;Гарант
"Конфеты ""Визит""";Коробка;0,6;Кондитерские изделия;5;59,66;0,3;Ромашка;Шелехов;Гарант
Крупа манная;Мешок;50;Крупы;16;287,53;0,3;Ромашка;Шелехов;Гарант
Овсянка;Мешок;20;Крупы;10;350,51;0,3;Ромашка;Шелехов;Гарант
Рис;Мешок;50;Крупы;8;256,03;0,3;Ромашка;Шелехов;Гарант
Сигареты MarlBoro;Блок;0,2;Табачные изделия;9;112,83;0,3;Ромашка;Шелехов;Гарант
Сигареты Петр 1;Блок;0,2;Табачные изделия;259;76,65;0,3;Ромашка;Шелехов;Гарант
Гречка;Мешок;50;Крупы;43;369,07;0,4;Ромашка;Шелехов;Гарант
"Конфеты ""Визит""";Коробка;0,6;Кондитерские изделия;45;46,14;0,4;Ромашка;Шелехов;Гарант
Крупа манная;Мешок;50;Крупы;16;488,08;0,4;Ромашка;Шелехов;Гарант
Крупа перловая;Мешок;50;Крупы;31;220,85;0,4;Ромашка;Шелехов;Гарант
Сигареты LM;Блок;0,2;Табачные изделия;42;131,01;0,4;Ромашка;Шелехов;Гарант
Сигареты Петр 1;Блок;0,2;Табачные изделия;16;47,32;0,4;Ромашка;Шелехов;Гарант
Гречка;Мешок;50;Крупы;14;460,58;0,1;Ромашка;Шелехов;Гарант
"Конфеты ""Ананасные""";Коробка;0,3;Кондитерские изделия;22;26,82;0,1;Ромашка;Шелехов;Гарант
"Конфеты ""Весна""";Коробка;0,5;Кондитерские изделия;72;22,29;0,1;Ромашка;Шелехов;Гарант
Крупа перловая;Мешок;50;Крупы;15;303,95;0,1;Ромашка;Шелехов;Гарант
Овсянка;Мешок;20;Крупы;19;310,19;0,1;Ромашка;Шелехов;Гарант
Рис;Мешок;50;Крупы;7;431,74;0,1;Ромашка;Шелехов;Гарант
Сигареты Fine Line;Блок;0,2;Табачные изделия;73;96,61;0,1;Ромашка;Шелехов;Гарант
Сигареты LM;Блок;0,2;Табачные изделия;15;144,21;0,1;Ромашка;Шелехов;Гарант
Сигареты Петр 1;Блок;0,2;Табачные изделия;11;81,38;0,1;Ромашка;Шелехов;Гарант
"Конфеты ""Весна""";Коробка;0,5;Кондитерские изделия;22;16,7;0,2;Ромашка;Шелехов;Гарант
"Конфеты ""Визит""";Коробка;0,6;Кондитерские изделия;22;88,13;0,2;Ромашка;Шелехов;Гарант
Крупа манная;Мешок;50;Крупы;11;459,73;0,2;Ромашка;Шелехов;Гарант
Овсянка;Мешок;20;Крупы;8;444,45;0,2;Ромашка;Шелехов;Гарант
Пшено;Мешок;50;Крупы;9;335,97;0,2;Ромашка;Шелехов;Гарант
Рис;Мешок;50;Крупы;21;205,63;0,2;Ромашка;Шелехов;Гарант
Сигареты MarlBoro;Блок;0,2;Табачные изделия;246;166,24;0,2;Ромашка;Шелехов;Гарант
Гречка;Мешок;50;Крупы;185;322,22;0,7;Ромашка;Шелехов;Гарант
"Конфеты ""Ананасные""";Коробка;0,3;Кондитерские изделия;18;23,95;0,7;Ромашка;Шелехов;Гарант
"Конфеты ""Асорти""";Коробка;0,4;Кондитерские изделия;62;29,68;0,7;Ромашка;Шелехов;Гарант
Крупа перловая;Мешок;50;Крупы;7;179,67;0,7;Ромашка;Шелехов;Гарант
Овсянка;Мешок;20;Крупы;173;405,62;0,7;Ромашка;Шелехов;Гарант
Сигареты Fine Line;Блок;0,2;Табачные изделия;102;84,9;0,7;Ромашка;Шелехов;Гарант
Сигареты LM;Блок;0,2;Табачные изделия;7;110,92;0,7;Ромашка;Шелехов;Гарант
Сигареты MarlBoro;Блок;0,2;Табачные изделия;44;129,25;0,7;Ромашка;Шелехов;Гарант
Сигареты Петр 1;Блок;0,2;Табачные изделия;280;97,56;0,7;Ромашка;Шелехов;Гарант
"Конфеты ""Ананасные""";Коробка;0,3;Кондитерские изделия;34;36,32;0,5;Ромашка;Шелехов;Гарант
"Конфеты ""Весна""";Коробка;0,5;Кондитерские изделия;138;22,65;0,5;Ромашка;Шелехов;Гарант
"Конфеты ""Визит""";Коробка;0,6;Кондитерские изделия;11;68,64;0,5;Ромашка;Шелехов;Гарант
Пшено;Мешок;50;Крупы;7;347,36;0,5;Ромашка;Шелехов;Гарант
Сигареты LM;Блок;0,2;Табачные изделия;10;153,33;0,5;Ромашка;Шелехов;Гарант
"Конфеты ""Ананасные""";Коробка;0,3;Кондитерские изделия;67;31,71;0,4;Тор;Иркутск;Универсал
"Конфеты ""Асорти""";Коробка;0,4;Кондитерские изделия;130;41,12;0,4;Тор;Иркутск;Универсал
"Конфеты ""Весна""";Коробка;0,5;Кондитерские изделия;60;20,9;0,4;Тор;Иркутск;Универсал
Крупа перловая;Мешок;50;Крупы;16;125,42;0,4;Тор;Иркутск;Универсал
Овсянка;Мешок;20;Крупы;197;530,26;0,4;Тор;Иркутск;Универсал
Пшено;Мешок;50;Крупы;7;345,03;0,4;Тор;Иркутск;Универсал
Рис;Мешок;50;Крупы;15;395,49;0,4;Тор;Иркутск;Универсал
Сигареты Fine Line;Блок;0,2;Табачные изделия;11;170,79;0,4;Тор;Иркутск;Универсал
Сигареты Петр 1;Блок;0,2;Табачные изделия;7;95,32;0,4;Тор;Иркутск;Универсал
Гречка;Мешок;50;Крупы;16;349,39;0,1;Тор;Иркутск;Универсал
"Конфеты ""Асорти""";Коробка;0,4;Кондитерские изделия;101;33,13;0,1;Тор;Иркутск;Универсал
"Конфеты ""Весна""";Коробка;0,5;Кондитерские изделия;133;11,22;0,1;Тор;Иркутск;Универсал
"Конфеты ""Визит""";Коробка;0,6;Кондитерские изделия;61;33,76;0,1;Тор;Иркутск;Универсал
Крупа манная;Мешок;50;Крупы;29;213,15;0,1;Тор;Иркутск;Универсал
Крупа перловая;Мешок;50;Крупы;19;312,82;0,1;Тор;Иркутск;Универсал
Овсянка;Мешок;20;Крупы;5;432,62;0,1;Тор;Иркутск;Универсал
Пшено;Мешок;50;Крупы;52;363,42;0,1;Тор;Иркутск;Универсал
Рис;Мешок;50;Крупы;70;469,71;0,1;Тор;Иркутск;Универсал
Сигареты Fine Line;Блок;0,2;Табачные изделия;95;161,11;0,1;Тор;Иркутск;Универсал
"Конфеты ""Ананасные""";Коробка;0,3;Кондитерские изделия;16;42,23;0,7;Тор;Иркутск;Универсал
"Конфеты ""Асорти""";Коробка;0,4;Кондитерские изделия;20;25,5;0,7;Тор;Иркутск;Универсал
"Конфеты ""Весна""";Коробка;0,5;Кондитерские изделия;146;20,1;0,7;Тор;Иркутск;Универсал
Крупа манная;Мешок;50;Крупы;30;317,95;0,7;Тор;Иркутск;Универсал
Рис;Мешок;50;Крупы;18;456,25;0,7;Тор;Иркутск;Универсал
Сигареты Fine Line;Блок;0,2;Табачные изделия;36;138,31;0,7;Тор;Иркутск;Универсал
Сигареты LM;Блок;0,2;Табачные изделия;15;67,52;0,7;Тор;Иркутск;Универсал
Сигареты Петр 1;Блок;0,2;Табачные изделия;17;51,59;0,7;Тор;Иркутск;Универсал
Гречка;Мешок;50;Крупы;9;245,07;0,1;Тор;Иркутск;Универсал
"Конфеты ""Весна""";Коробка;0,5;Кондитерские изделия;15;20,08;0,1;Тор;Иркутск;Универсал
Крупа манная;Мешок;50;Крупы;31;432,19;0,1;Тор;Иркутск;Универсал
Крупа перловая;Мешок;50;Крупы;64;300;0,1;Тор;Иркутск;Универсал
Рис;Мешок;50;Крупы;59;179,05;0,1;Тор;Иркутск;Универсал
"Конфеты ""Весна""";Коробка;0,5;Кондитерские изделия;54;22,29;0,8;Тор;Иркутск;Универсал
Овсянка;Мешок;20;Крупы;8;377,51;0,8;Тор;Иркутск;Универсал
Пшено;Мешок;50;Крупы;17;382,57;0,8;Тор;Иркутск;Универсал
Сигареты Fine Line;Блок;0,2;Табачные изделия;36;182,04;0,8;Тор;Иркутск;Универсал
Сигареты LM;Блок;0,2;Табачные изделия;17;131,75;0,8;Тор;Иркутск;Универсал
Гречка;Мешок;50;Крупы;212;232,89;1;Тор;Иркутск;Универсал
"Конфеты ""Асорти""";Коробка;0,4;Кондитерские изделия;23;43,06;1;Тор;Иркутск;Универсал
Крупа манная;Мешок;50;Крупы;199;310,96;1;Тор;Иркутск;Универсал
Овсянка;Мешок;20;Крупы;11;410,42;1;Тор;Иркутск;Универсал
Пшено;Мешок;50;Крупы;64;194,35;1;Тор;Иркутск;Универсал
Рис;Мешок;50;Крупы;5;431,74;1;Тор;Иркутск;Универсал
Сигареты Fine Line;Блок;0,2;Табачные изделия;8;125,82;1;Тор;Иркутск;Универсал
Сигареты LM;Блок;0,2;Табачные изделия;15;84,78;1;Тор;Иркутск;Универсал
"Конфеты ""Ананасные""";Коробка;0,3;Кондитерские изделия;10;32,12;0,3;Тор;Иркутск;Универсал
"Конфеты ""Весна""";Коробка;0,5;Кондитерские изделия;201;20,1;0,3;Тор;Иркутск;Универсал
Крупа манная;Мешок;50;Крупы;10;213,15;0,3;Тор;Иркутск;Универсал
Крупа перловая;Мешок;50;Крупы;65;301,97;0,3;Тор;Иркутск;Универсал
Пшено;Мешок;50;Крупы;27;223,09;0,3;Тор;Иркутск;Универсал
Рис;Мешок;50;Крупы;64;431,74;0,3;Тор;Иркутск;Универсал
Сигареты MarlBoro;Блок;0,2;Табачные изделия;50;207,67;0,3;Тор;Иркутск;Универсал
Гречка;Мешок;50;Крупы;28;164,49;0,7;Тор;Иркутск;Универсал
"Конфеты ""Ананасные""";Коробка;0,3;Кондитерские изделия;14;42,36;0,7;Тор;Иркутск;Универсал
"Конфеты ""Асорти""";Коробка;0,4;Кондитерские изделия;37;39,18;0,7;Тор;Иркутск;Универсал
"Конфеты ""Весна""";Коробка;0,5;Кондитерские изделия;119;10,19;0,7;Тор;Иркутск;Универсал
Крупа перловая;Мешок;50;Крупы;33;225,78;0,7;Тор;Иркутск;Универсал
Пшено;Мешок;50;Крупы;12;268,66;0,7;Тор;Иркутск;Универсал
Рис;Мешок;50;Крупы;30;394,8;0,7;Тор;Иркутск;Универсал
Сигареты Fine Line;Блок;0,2;Табачные изделия;14;225,92;0,7;Тор;Иркутск;Универсал
"Конфеты ""Асорти""";Коробка;0,4;Кондитерские изделия;9;46,38;0,4;Тор;Иркутск;Универсал
Крупа перловая;Мешок;50;Крупы;62;254,38;0,4;Тор;Иркутск;Универсал
Овсянка;Мешок;20;Крупы;70;434,84;0,4;Тор;Иркутск;Универсал
Пшено;Мешок;50;Крупы;24;339,08;0,4;Тор;Иркутск;Универсал
Рис;Мешок;50;Крупы;21;318,85;0,4;Тор;Иркутск;Универсал
Сигареты Fine Line;Блок;0,2;Табачные изделия;47;153,61;0,4;Тор;Иркутск;Универсал
Сигареты LM;Блок;0,2;Табачные изделия;50;78;0,4;Тор;Иркутск;Универсал
Сигареты Петр 1;Блок;0,2;Табачные изделия;17;77,17;0,4;Тор;Иркутск;Универсал
"Конфеты ""Асорти""";Коробка;0,4;Кондитерские изделия;33;27,44;0,5;Гермес;Ангарск;Богатырский
Крупа манная;Мешок;50;Крупы;18;210,68;0,5;Гермес;Ангарск;Богатырский
Крупа перловая;Мешок;50;Крупы;13;228;0,5;Гермес;Ангарск;Богатырский
Овсянка;Мешок;20;Крупы;137;486,99;0,5;Гермес;Ангарск;Богатырский
Рис;Мешок;50;Крупы;183;402,39;0,5;Гермес;Ангарск;Богатырский
Сигареты LM;Блок;0,2;Табачные изделия;5;72,08;0,5;Гермес;Ангарск;Богатырский
Сигареты Петр 1;Блок;0,2;Табачные изделия;24;32,72;0,5;Гермес;Ангарск;Богатырский
Гречка;Мешок;50;Крупы;42;350,95;0,2;Гермес;Ангарск;Богатырский
"Конфеты ""Ананасные""";Коробка;0,3;Кондитерские изделия;59;27,81;0,2;Гермес;Ангарск;Богатырский
"Конфеты ""Асорти""";Коробка;0,4;Кондитерские изделия;37;20,57;0,2;Гермес;Ангарск;Богатырский
"Конфеты ""Весна""";Коробка;0,5;Кондитерские изделия;20;16,27;0,2;Гермес;Ангарск;Богатырский
Крупа перловая;Мешок;50;Крупы;58;177,45;0,2;Гермес;Ангарск;Богатырский
Овсянка;Мешок;20;Крупы;42;250,27;0,2;Гермес;Ангарск;Богатырский
Сигареты MarlBoro;Блок;0,2;Табачные изделия;20;109,73;0,2;Гермес;Ангарск;Богатырский
Гречка;Мешок;50;Крупы;21;279,74;0,8;Гермес;Ангарск;Богатырский
"Конфеты ""Ананасные""";Коробка;0,3;Кондитерские изделия;32;30,15;0,8;Гермес;Ангарск;Богатырский
"Конфеты ""Асорти""";Коробка;0,4;Кондитерские изделия;86;45,42;0,8;Гермес;Ангарск;Богатырский
Крупа манная;Мешок;50;Крупы;22;614,25;0,8;Гермес;Ангарск;Богатырский
Пшено;Мешок;50;Крупы;14;173,64;0,8;Гермес;Ангарск;Богатырский
Рис;Мешок;50;Крупы;11;455,56;0,8;Гермес;Ангарск;Богатырский
Сигареты Fine Line;Блок;0,2;Табачные изделия;16;130,97;0,8;Гермес;Ангарск;Богатырский
Сигареты LM;Блок;0,2;Табачные изделия;88;95,38;0,8;Гермес;Ангарск;Богатырский
Сигареты Петр 1;Блок;0,2;Табачные изделия;9;59,16;0,8;Гермес;Ангарск;Богатырский
Гречка;Мешок;50;Крупы;22;419,67;0,9;Гермес;Ангарск;Богатырский
"Конфеты ""Ананасные""";Коробка;0,3;Кондитерские изделия;13;59,78;0,9;Гермес;Ангарск;Богатырский
"Конфеты ""Асорти""";Коробка;0,4;Кондитерские изделия;37;17,48;0,9;Гермес;Ангарск;Богатырский
"Конфеты ""Весна""";Коробка;0,5;Кондитерские изделия;41;10,28;0,9;Гермес;Ангарск;Богатырский
"Конфеты ""Визит""";Коробка;0,6;Кондитерские изделия;18;63,06;0,9;Гермес;Ангарск;Богатырский
Крупа манная;Мешок;50;Крупы;8;377,12;0,9;Гермес;Ангарск;Богатырский
Крупа перловая;Мешок;50;Крупы;22;242,55;0,9;Гермес;Ангарск;Богатырский
Овсянка;Мешок;20;Крупы;26;212,55;0,9;Гермес;Ангарск;Богатырский
"Конфеты ""Ананасные""";Коробка;0,3;Кондитерские изделия;22;48,81;0,9;Гермес;Ангарск;Богатырский
"Конфеты ""Асорти""";Коробка;0,4;Кондитерские изделия;51;28,72;0,9;Гермес;Ангарск;Богатырский
Крупа манная;Мешок;50;Крупы;13;470,82;0,9;Гермес;Ангарск;Богатырский
Крупа перловая;Мешок;50;Крупы;65;186,82;0,9;Гермес;Ангарск;Богатырский
Овсянка;Мешок;20;Крупы;12;198,12;0,9;Гермес;Ангарск;Богатырский
Сигареты Fine Line;Блок;0,2;Табачные изделия;13;183,13;0,9;Гермес;Ангарск;Богатырский
Сигареты MarlBoro;Блок;0,2;Табачные изделия;118;98,04;0,9;Гермес;Ангарск;Богатырский
Сигареты Петр 1;Блок;0,2;Табачные изделия;12;66,98;0,9;Гермес;Ангарск;Богатырский
"Конфеты ""Асорти""";Коробка;0,4;Кондитерские изделия;15;41,15;0,6;Гермес;Ангарск;Богатырский
Овсянка;Мешок;20;Крупы;84;476,63;0,6;Гермес;Ангарск;Богатырский
Рис;Мешок;50;Крупы;49;174,9;0,6;Гермес;Ангарск;Богатырский
Сигареты Fine Line;Блок;0,2;Табачные изделия;61;110,04;0,6;Гермес;Ангарск;Богатырский
Сигареты LM;Блок;0,2;Табачные изделия;13;143,84;0,6;Гермес;Ангарск;Богатырский
Сигареты MarlBoro;Блок;0,2;Табачные изделия;198;116,83;0,6;Гермес;Ангарск;Богатырский
Сигареты Петр 1;Блок;0,2;Табачные изделия;24;69,15;0,6;Гермес;Ангарск;Богатырский
"Конфеты ""Визит""";Коробка;0,6;Кондитерские изделия;55;62,29;1;Гермес;Ангарск;Богатырский
Крупа манная;Мешок;50;Крупы;7;240,68;1;Гермес;Ангарск;Богатырский
Овсянка;Мешок;20;Крупы;41;329,05;1;Гермес;Ангарск;Богатырский
Рис;Мешок;50;Крупы;5;363,04;1;Гермес;Ангарск;Богатырский
Сигареты Fine Line;Блок;0,2;Табачные изделия;58;105,52;1;Гермес;Ангарск;Богатырский
Сигареты MarlBoro;Блок;0,2;Табачные изделия;37;141,53;1;Гермес;Ангарск;Богатырский
Гречка;Мешок;50;Крупы;16;450,59;0,2;Гермес;Ангарск;Богатырский
"Конфеты ""Асорти""";Коробка;0,4;Кондитерские изделия;63;43,48;0,2;Гермес;Ангарск;Богатырский
"Конфеты ""Весна""";Коробка;0,5;Кондитерские изделия;75;13,68;0,2;Гермес;Ангарск;Богатырский
Крупа перловая;Мешок;50;Крупы;29;301,97;0,2;Гермес;Ангарск;Богатырский
Рис;Мешок;50;Крупы;16;480,41;0,2;Гермес;Ангарск;Богатырский
Сигареты MarlBoro;Блок;0,2;Табачные изделия;11;204,26;0,2;Гермес;Ангарск;Богатырский
"Конфеты ""Весна""";Коробка;0,5;Кондитерские изделия;8;21,2;0,2;Гермес;Ангарск;Богатырский
Крупа манная;Мешок;50;Крупы;16;328,63;0,2;Гермес;Ангарск;Богатырский
Крупа перловая;Мешок;50;Крупы;41;177,45;0,2;Гермес;Ангарск;Богатырский
Рис;Мешок;50;Крупы;87;494,91;0,2;Гермес;Ангарск;Богатырский
Сигареты Fine Line;Блок;0,2;Табачные изделия;18;137,22;0,2;Гермес;Ангарск;Богатырский
Сигареты LM;Блок;0,2;Табачные изделия;19;133,23;0,2;Гермес;Ангарск;Богатырский
Сигареты Петр 1;Блок;0,2;Табачные изделия;19;56,2;0,2;Гермес;Ангарск;Богатырский
Гречка;Мешок;50;Крупы;13;427,47;0,5;Гермес;Ангарск;Богатырский
"Конфеты ""Визит""";Коробка;0,6;Кондитерские изделия;5;41,78;0,5;Гермес;Ангарск;Богатырский
Крупа перловая;Мешок;50;Крупы;46;297,29;0,5;Гермес;Ангарск;Богатырский
Пшено;Мешок;50;Крупы;36;239,4;0,5;Гермес;Ангарск;Богатырский
Рис;Мешок;50;Крупы;14;352,34;0,5;Гермес;Ангарск;Богатырский
Сигареты LM;Блок;0,2;Табачные изделия;12;104,51;0,5;Гермес;Ангарск;Богатырский
Сигареты MarlBoro;Блок;0,2;Табачные изделия;6;220,24;0,5;Гермес;Ангарск;Богатырский
Гречка;Мешок;50;Крупы;23;349,39;0,4;Гермес;Ангарск;Богатырский
"Конфеты ""Ананасные""";Коробка;0,3;Кондитерские изделия;21;28,51;0,4;Гермес;Ангарск;Богатырский
"Конфеты ""Весна""";Коробка;0,5;Кондитерские изделия;6;19,02;0,4;Гермес;Ангарск;Богатырский
"Конфеты ""Визит""";Коробка;0,6;Кондитерские изделия;18;73,32;0,4;Гермес;Ангарск;Богатырский
Пшено;Мешок;50;Крупы;32;189,95;0,4;Гермес;Ангарск;Богатырский
Рис;Мешок;50;Крупы;18;431,74;0,4;Гермес;Ангарск;Богатырский
Сигареты LM;Блок;0,2;Табачные изделия;18;80,47;0,4;Гермес;Ангарск;Богатырский
Сигареты MarlBoro;Блок;0,2;Табачные изделия;50;155,44;0,4;Гермес;Ангарск;Богатырский
Сигареты Петр 1;Блок;0,2;Табачные изделия;70;47,32;0,4;Гермес;Ангарск;Богатырский
Гречка;Мешок;50;Крупы;268;246,95;0,4;Гермес;Ангарск;Богатырский
"Конфеты ""Ананасные""";Коробка;0,3;Кондитерские изделия;25;41,66;0,4;Гермес;Ангарск;Богатырский
"Конфеты ""Визит""";Коробка;0,6;Кондитерские изделия;19;89,99;0,4;Гермес;Ангарск;Богатырский
Крупа манная;Мешок;50;Крупы;180;605,21;0,4;Гермес;Ангарск;Богатырский
Пшено;Мешок;50;Крупы;76;307,49;0,4;Гермес;Ангарск;Богатырский
Сигареты LM;Блок;0,2;Табачные изделия;6;61,36;0,4;Гермес;Ангарск;Богатырский
Сигареты MarlBoro;Блок;0,2;Табачные изделия;41;155,59;0,4;Гермес;Ангарск;Богатырский
"Конфеты ""Ананасные""";Коробка;0,3;Кондитерские изделия;17;43,92;0,5;Гермес;Ангарск;Богатырский
"Конфеты ""Визит""";Коробка;0,6;Кондитерские изделия;16;87,74;0,5;Гермес;Ангарск;Богатырский
Крупа перловая;Мешок;50;Крупы;16;187,32;0,5;Гермес;Ангарск;Богатырский
Рис;Мешок;50;Крупы;44;316,78;0,5;Гермес;Ангарск;Богатырский
Сигареты Fine Line;Блок;0,2;Табачные изделия;16;180,32;0,5;Гермес;Ангарск;Богатырский
Сигареты LM;Блок;0,2;Табачные изделия;11;62,47;0,5;Гермес;Ангарск;Богатырский
Гречка;Мешок;50;Крупы;86;391,24;0,3;Фокус;Слюдянка;Надежный
"Конфеты ""Визит""";Коробка;0,6;Кондитерские изделия;44;90,76;0,3;Фокус;Слюдянка;Надежный
Крупа перловая;Мешок;50;Крупы;18;238,11;0,3;Фокус;Слюдянка;Надежный
Овсянка;Мешок;20;Крупы;27;506,22;0,3;Фокус;Слюдянка;Надежный
Пшено;Мешок;50;Крупы;7;178,04;0,3;Фокус;Слюдянка;Надежный
Рис;Мешок;50;Крупы;9;270,87;0,3;Фокус;Слюдянка;Надежный
Сигареты LM;Блок;0,2;Табачные изделия;5;68,26;0,3;Фокус;Слюдянка;Надежный
Сигареты Петр 1;Блок;0,2;Табачные изделия;18;50,02;0,3;Фокус;Слюдянка;Надежный
"Конфеты ""Визит""";Коробка;0,6;Кондитерские изделия;10;63,06;0,2;Фокус;Слюдянка;Надежный
Крупа перловая;Мешок;50;Крупы;33;226,27;0,2;Фокус;Слюдянка;Надежный
Овсянка;Мешок;20;Крупы;92;243,62;0,2;Фокус;Слюдянка;Надежный
Пшено;Мешок;50;Крупы;28;237,07;0,2;Фокус;Слюдянка;Надежный
Сигареты LM;Блок;0,2;Табачные изделия;53;151,97;0,2;Фокус;Слюдянка;Надежный
Сигареты Петр 1;Блок;0,2;Табачные изделия;5;66,65;0,2;Фокус;Слюдянка;Надежный
"Конфеты ""Ананасные""";Коробка;0,3;Кондитерские изделия;18;55,42;0,7;Фокус;Слюдянка;Надежный
"Конфеты ""Асорти""";Коробка;0,4;Кондитерские изделия;11;27,31;0,7;Фокус;Слюдянка;Надежный
"Конфеты ""Визит""";Коробка;0,6;Кондитерские изделия;5;75,24;0,7;Фокус;Слюдянка;Надежный
Крупа манная;Мешок;50;Крупы;12;304,79;0,7;Фокус;Слюдянка;Надежный
Овсянка;Мешок;20;Крупы;50;329,05;0,7;Фокус;Слюдянка;Надежный
Пшено;Мешок;50;Крупы;188;283,93;0,7;Фокус;Слюдянка;Надежный
Сигареты Fine Line;Блок;0,2;Табачные изделия;184;103,95;0,7;Фокус;Слюдянка;Надежный
Сигареты LM;Блок;0,2;Табачные изделия;23;121,27;0,7;Фокус;Слюдянка;Надежный
Сигареты MarlBoro;Блок;0,2;Табачные изделия;104;212,1;0,7;Фокус;Слюдянка;Надежный
Сигареты Петр 1;Блок;0,2;Табачные изделия;35;49,82;0,7;Фокус;Слюдянка;Надежный
"Конфеты ""Асорти""";Коробка;0,4;Кондитерские изделия;91;22,38;0,7;Фокус;Слюдянка;Надежный
Крупа манная;Мешок;50;Крупы;16;305,21;0,7;Фокус;Слюдянка;Надежный
Крупа перловая;Мешок;50;Крупы;150;312,33;0,7;Фокус;Слюдянка;Надежный
Пшено;Мешок;50;Крупы;44;354,35;0,7;Фокус;Слюдянка;Надежный
Сигареты Петр 1;Блок;0,2;Табачные изделия;7;49,36;0,7;Фокус;Слюдянка;Надежный
"Конфеты ""Асорти""";Коробка;0,4;Кондитерские изделия;14;33,88;0,3;Фокус;Слюдянка;Надежный
"Конфеты ""Весна""";Коробка;0,5;Кондитерские изделия;5;9,14;0,3;Фокус;Слюдянка;Надежный
"Конфеты ""Визит""";Коробка;0,6;Кондитерские изделия;7;88,64;0,3;Фокус;Слюдянка;Надежный
Пшено;Мешок;50;Крупы;66;230,34;0,3;Фокус;Слюдянка;Надежный
Сигареты Fine Line;Блок;0,2;Табачные изделия;18;215,61;0,3;Фокус;Слюдянка;Надежный
Сигареты MarlBoro;Блок;0,2;Табачные изделия;29;85,02;0,3;Фокус;Слюдянка;Надежный
Сигареты Петр 1;Блок;0,2;Табачные изделия;7;46,93;0,3;Фокус;Слюдянка;Надежный
"Конфеты ""Ананасные""";Коробка;0,3;Кондитерские изделия;18;50,99;0,5;Фокус;Слюдянка;Надежный
"Конфеты ""Асорти""";Коробка;0,4;Кондитерские изделия;9;37,37;0,5;Фокус;Слюдянка;Надежный
Крупа манная;Мешок;50;Крупы;19;437,12;0,5;Фокус;Слюдянка;Надежный
Крупа перловая;Мешок;50;Крупы;11;367,07;0,5;Фокус;Слюдянка;Надежный
Пшено;Мешок;50;Крупы;82;275,39;0,5;Фокус;Слюдянка;Надежный
Сигареты Fine Line;Блок;0,2;Табачные изделия;12;87,09;0,5;Фокус;Слюдянка;Надежный
Сигареты MarlBoro;Блок;0,2;Табачные изделия;36;79,1;0,5;Фокус;Слюдянка;Надежный
Гречка;Мешок;50;Крупы;33;324,41;0,6;Фокус;Слюдянка;Надежный
"Конфеты ""Асорти""";Коробка;0,4;Кондитерские изделия;116;31,95;0,6;Фокус;Слюдянка;Надежный
"Конфеты ""Визит""";Коробка;0,6;Кондитерские изделия;13;53,51;0,6;Фокус;Слюдянка;Надежный
Крупа манная;Мешок;50;Крупы;36;527,12;0,6;Фокус;Слюдянка;Надежный
Овсянка;Мешок;20;Крупы;5;377,51;0,6;Фокус;Слюдянка;Надежный
Пшено;Мешок;50;Крупы;32;193,06;0,6;Фокус;Слюдянка;Надежный
Сигареты Fine Line;Блок;0,2;Табачные изделия;5;154,55;0,6;Фокус;Слюдянка;Надежный
Сигареты LM;Блок;0,2;Табачные изделия;53;93,29;0,6;Фокус;Слюдянка;Надежный
Сигареты Петр 1;Блок;0,2;Табачные изделия;5;70,66;0,6;Фокус;Слюдянка;Надежный
Гречка;Мешок;50;Крупы;43;252,88;0,4;Фокус;Слюдянка;Надежный
"Конфеты ""Весна""";Коробка;0,5;Кондитерские изделия;100;25,82;0,4;Фокус;Слюдянка;Надежный
"Конфеты ""Визит""";Коробка;0,6;Кондитерские изделия;25;67,49;0,4;Фокус;Слюдянка;Надежный
Крупа манная;Мешок;50;Крупы;23;530,82;0,4;Фокус;Слюдянка;Надежный
Овсянка;Мешок;20;Крупы;10;465,16;0,4;Фокус;Слюдянка;Надежный
Сигареты MarlBoro;Блок;0,2;Табачные изделия;85;180;0,4;Фокус;Слюдянка;Надежный
Гречка;Мешок;50;Крупы;41;320,35;0,4;Геракл;Иркутск;Универсал
"Конфеты ""Ананасные""";Коробка;0,3;Кондитерские изделия;27;57,81;0,4;Геракл;Иркутск;Универсал
"Конфеты ""Асорти""";Коробка;0,4;Кондитерские изделия;16;27,31;0,4;Геракл;Иркутск;Универсал
"Конфеты ""Визит""";Коробка;0,6;Кондитерские изделия;64;59,28;0,4;Геракл;Иркутск;Универсал
Крупа манная;Мешок;50;Крупы;21;226,3;0,4;Геракл;Иркутск;Универсал
Крупа перловая;Мешок;50;Крупы;34;253,4;0,4;Геракл;Иркутск;Универсал
Рис;Мешок;50;Крупы;14;333,35;0,4;Геракл;Иркутск;Универсал
Сигареты MarlBoro;Блок;0,2;Табачные изделия;33;139,91;0,4;Геракл;Иркутск;Универсал
"Конфеты ""Ананасные""";Коробка;0,3;Кондитерские изделия;22;26,82;1;Геракл;Иркутск;Универсал
"Конфеты ""Весна""";Коробка;0,5;Кондитерские изделия;15;24,97;1;Геракл;Иркутск;Универсал
Крупа перловая;Мешок;50;Крупы;13;248,47;1;Геракл;Иркутск;Универсал
Овсянка;Мешок;20;Крупы;8;185,18;1;Геракл;Иркутск;Универсал
Пшено;Мешок;50;Крупы;24;386,98;1;Геракл;Иркутск;Универсал
Сигареты Fine Line;Блок;0,2;Табачные изделия;96;117,23;1;Геракл;Иркутск;Универсал
Сигареты Петр 1;Блок;0,2;Табачные изделия;115;51,99;1;Геракл;Иркутск;Универсал
"Конфеты ""Ананасные""";Коробка;0,3;Кондитерские изделия;16;28,22;0,2;Геракл;Иркутск;Универсал
"Конфеты ""Визит""";Коробка;0,6;Кондитерские изделия;6;56,14;0,2;Геракл;Иркутск;Универсал
Крупа манная;Мешок;50;Крупы;69;511,51;0,2;Геракл;Иркутск;Универсал
Пшено;Мешок;50;Крупы;10;364,97;0,2;Геракл;Иркутск;Универсал
Рис;Мешок;50;Крупы;263;437,26;0,2;Геракл;Иркутск;Универсал
Сигареты Fine Line;Блок;0,2;Табачные изделия;103;166,11;0,2;Геракл;Иркутск;Универсал
Сигареты Петр 1;Блок;0,2;Табачные изделия;12;81,84;0,2;Геракл;Иркутск;Универсал
Гречка;Мешок;50;Крупы;19;316,6;0,7;Геракл;Иркутск;Универсал
"Конфеты ""Ананасные""";Коробка;0,3;Кондитерские изделия;22;47,95;0,7;Геракл;Иркутск;Универсал
"Конфеты ""Асорти""";Коробка;0,4;Кондитерские изделия;14;33,88;0,7;Геракл;Иркутск;Универсал
"Конфеты ""Весна""";Коробка;0,5;Кондитерские изделия;110;24,59;0,7;Геракл;Иркутск;Универсал
"Конфеты ""Визит""";Коробка;0,6;Кондитерские изделия;170;43,32;0,7;Геракл;Иркутск;Универсал
Крупа манная;Мешок;50;Крупы;35;218,49;0,7;Геракл;Иркутск;Универсал
Овсянка;Мешок;20;Крупы;100;279,86;0,7;Геракл;Иркутск;Универсал
Пшено;Мешок;50;Крупы;183;333,64;0,7;Геракл;Иркутск;Универсал
Сигареты MarlBoro;Блок;0,2;Табачные изделия;287;172,45;0,7;Геракл;Иркутск;Универсал
"Конфеты ""Ананасные""";Коробка;0,3;Кондитерские изделия;20;23,21;0,4;Геракл;Иркутск;Универсал
"Конфеты ""Асорти""";Коробка;0,4;Кондитерские изделия;16;48,48;0,4;Геракл;Иркутск;Универсал
"Конфеты ""Весна""";Коробка;0,5;Кондитерские изделия;33;18,33;0,4;Геракл;Иркутск;Универсал
"Конфеты ""Визит""";Коробка;0,6;Кондитерские изделия;19;73,45;0,4;Геракл;Иркутск;Универсал
Крупа перловая;Мешок;50;Крупы;19;141,45;0,4;Геракл;Иркутск;Универсал
Сигареты MarlBoro;Блок;0,2;Табачные изделия;25;198,79;0,4;Геракл;Иркутск;Универсал
Сигареты Петр 1;Блок;0,2;Табачные изделия;12;37,72;0,4;Геракл;Иркутск;Универсал
Гречка;Мешок;50;Крупы;11;375,32;0,8;Геракл;Иркутск;Универсал
"Конфеты ""Весна""";Коробка;0,5;Кондитерские изделия;8;19,7;0,8;Геракл;Иркутск;Универсал
"Конфеты ""Визит""";Коробка;0,6;Кондитерские изделия;140;45,37;0,8;Геракл;Иркутск;Универсал
Крупа перловая;Мешок;50;Крупы;103;277,07;0,8;Геракл;Иркутск;Универсал
Пшено;Мешок;50;Крупы;19;311,12;0,8;Геракл;Иркутск;Универсал
Сигареты Fine Line;Блок;0,2;Табачные изделия;24;113,79;0,8;Геракл;Иркутск;Универсал
Сигареты MarlBoro;Блок;0,2;Табачные изделия;9;128,22;0,8;Геракл;Иркутск;Универсал
Сигареты Петр 1;Блок;0,2;Табачные изделия;13;94,86;0,8;Геракл;Иркутск;Универсал
Гречка;Мешок;50;Крупы;54;247,88;0,2;Геракл;Иркутск;Универсал
"Конфеты ""Весна""";Коробка;0,5;Кондитерские изделия;15;12,65;0,2;Геракл;Иркутск;Универсал
Крупа манная;Мешок;50;Крупы;24;559,18;0,2;Геракл;Иркутск;Универсал
Крупа перловая;Мешок;50;Крупы;21;287,42;0,2;Геракл;Иркутск;Универсал
Пшено;Мешок;50;Крупы;294;301,8;0,2;Геракл;Иркутск;Универсал
Рис;Мешок;50;Крупы;30;461,77;0,2;Геракл;Иркутск;Универсал
Сигареты Fine Line;Блок;0,2;Табачные изделия;14;213,74;0,2;Геракл;Иркутск;Универсал
Сигареты LM;Блок;0,2;Табачные изделия;46;107,1;0,2;Геракл;Иркутск;Универсал
Сигареты MarlBoro;Блок;0,2;Табачные изделия;9;136,65;0,2;Геракл;Иркутск;Универсал
Гречка;Мешок;50;Крупы;7;431,85;1;Геракл;Иркутск;Универсал
"Конфеты ""Ананасные""";Коробка;0,3;Кондитерские изделия;54;25,71;1;Геракл;Иркутск;Универсал
"Конфеты ""Асорти""";Коробка;0,4;Кондитерские изделия;16;49,27;1;Геракл;Иркутск;Универсал
"Конфеты ""Визит""";Коробка;0,6;Кондитерские изделия;37;34,08;1;Геракл;Иркутск;Универсал
Крупа манная;Мешок;50;Крупы;152;266,16;1;Геракл;Иркутск;Универсал
Крупа перловая;Мешок;50;Крупы;8;183,86;1;Геракл;Иркутск;Универсал
Овсянка;Мешок;20;Крупы;12;407,1;1;Геракл;Иркутск;Универсал
Сигареты Fine Line;Блок;0,2;Табачные изделия;47;110,04;1;Геракл;Иркутск;Универсал
Сигареты LM;Блок;0,2;Табачные изделия;201;95,14;1;Геракл;Иркутск;Универсал
Гречка;Мешок;50;Крупы;276;463,39;0,9;Геракл;Иркутск;Универсал
"Конфеты ""Ананасные""";Коробка;0,3;Кондитерские изделия;22;46,18;0,9;Геракл;Иркутск;Универсал
"Конфеты ""Асорти""";Коробка;0,4;Кондитерские изделия;98;30,17;0,9;Геракл;Иркутск;Универсал
"Конфеты ""Визит""";Коробка;0,6;Кондитерские изделия;23;93,45;0,9;Геракл;Иркутск;Универсал
Овсянка;Мешок;20;Крупы;8;529,52;0,9;Геракл;Иркутск;Универсал
Рис;Мешок;50;Крупы;263;272,94;0,9;Геракл;Иркутск;Универсал
Сигареты Fine Line;Блок;0,2;Табачные изделия;36;185,94;0,9;Геракл;Иркутск;Универсал
"Конфеты ""Ананасные""";Коробка;0,3;Кондитерские изделия;10;52,14;0,1;Геракл;Иркутск;Универсал
"Конфеты ""Визит""";Коробка;0,6;Кондитерские изделия;76;91,53;0,1;Геракл;Иркутск;Универсал
Крупа манная;Мешок;50;Крупы;64;356,99;0,1;Геракл;Иркутск;Универсал
Овсянка;Мешок;20;Крупы;21;523,6;0,1;Геракл;Иркутск;Универсал
Сигареты LM;Блок;0,2;Табачные изделия;21;68,75;0,1;Геракл;Иркутск;Универсал
Сигареты MarlBoro;Блок;0,2;Табачные изделия;23;92,27;0,1;Геракл;Иркутск;Универсал
"Конфеты ""Ананасные""";Коробка;0,3;Кондитерские изделия;31;36,81;0,8;Геракл;Иркутск;Универсал
"Конфеты ""Визит""";Коробка;0,6;Кондитерские изделия;15;80,24;0,8;Геракл;Иркутск;Универсал
Рис;Мешок;50;Крупы;24;299,87;0,8;Геракл;Иркутск;Универсал
Сигареты Fine Line;Блок;0,2;Табачные изделия;31;91,62;0,8;Геракл;Иркутск;Универсал
Сигареты LM;Блок;0,2;Табачные изделия;54;64,93;0,8;Геракл;Иркутск;Универсал
Сигареты MarlBoro;Блок;0,2;Табачные изделия;13;169,5;0,8;Геракл;Иркутск;Универсал
Сигареты Петр 1;Блок;0,2;Табачные изделия;45;34,63;0,8;Геракл;Иркутск;Универсал
"Конфеты ""Ананасные""";Коробка;0,3;Кондитерские изделия;5;47,08;1;Геракл;Иркутск;Универсал
"Конфеты ""Асорти""";Коробка;0,4;Кондитерские изделия;19;20,5;1;Геракл;Иркутск;Универсал
Овсянка;Мешок;20;Крупы;19;345,7;1;Геракл;Иркутск;Универсал
Рис;Мешок;50;Крупы;63;389,62;1;Геракл;Иркутск;Универсал
Сигареты Fine Line;Блок;0,2;Табачные изделия;46;188,28;1;Геракл;Иркутск;Универсал
Сигареты Петр 1;Блок;0,2;Табачные изделия;15;67,77;1;Геракл;Иркутск;Универсал
Гречка;Мешок;50;Крупы;97;332,21;0,9;Геракл;Иркутск;Универсал
"Конфеты ""Ананасные""";Коробка;0,3;Кондитерские изделия;18;28,51;0,9;Геракл;Иркутск;Универсал
"Конфеты ""Весна""";Коробка;0,5;Кондитерские изделия;18;25,38;0,9;Геракл;Иркутск;Универсал
"Конфеты ""Визит""";Коробка;0,6;Кондитерские изделия;21;48,77;0,9;Геракл;Иркутск;Универсал
Крупа манная;Мешок;50;Крупы;18;470,82;0,9;Геракл;Иркутск;Универсал
Крупа перловая;Мешок;50;Крупы;46;259,56;0,9;Геракл;Иркутск;Универсал
Сигареты LM;Блок;0,2;Табачные изделия;267;173,42;0,9;Геракл;Иркутск;Универсал
Гречка;Мешок;50;Крупы;155;424,98;0,4;Плюс;Ангарск;Надежный
"Конфеты ""Ананасные""";Коробка;0,3;Кондитерские изделия;23;41,95;0,4;Плюс;Ангарск;Надежный
Крупа манная;Мешок;50;Крупы;11;595,75;0,4;Плюс;Ангарск;Надежный
Крупа перловая;Мешок;50;Крупы;13;301,23;0,4;Плюс;Ангарск;Надежный
Овсянка;Мешок;20;Крупы;22;216,25;0,4;Плюс;Ангарск;Надежный
Пшено;Мешок;50;Крупы;29;224,9;0,4;Плюс;Ангарск;Надежный
Рис;Мешок;50;Крупы;24;303,32;0,4;Плюс;Ангарск;Надежный
Сигареты Fine Line;Блок;0,2;Табачные изделия;22;167,2;0,4;Плюс;Ангарск;Надежный
Сигареты LM;Блок;0,2;Табачные изделия;30;63,21;0,4;Плюс;Ангарск;Надежный
Сигареты MarlBoro;Блок;0,2;Табачные изделия;127;111,95;0,4;Плюс;Ангарск;Надежный
Сигареты Петр 1;Блок;0,2;Табачные изделия;6;48,77;0,4;Плюс;Ангарск;Надежный
Гречка;Мешок;50;Крупы;37;407,8;0,7;Плюс;Ангарск;Надежный
"Конфеты ""Ананасные""";Коробка;0,3;Кондитерские изделия;23;28,75;0,7;Плюс;Ангарск;Надежный
"Конфеты ""Асорти""";Коробка;0,4;Кондитерские изделия;17;33,88;0,7;Плюс;Ангарск;Надежный
"Конфеты ""Весна""";Коробка;0,5;Кондитерские изделия;5;25,94;0,7;Плюс;Ангарск;Надежный
Овсянка;Мешок;20;Крупы;72;228,82;0,7;Плюс;Ангарск;Надежный
Пшено;Мешок;50;Крупы;20;311,12;0,7;Плюс;Ангарск;Надежный
Сигареты Fine Line;Блок;0,2;Табачные изделия;93;101,14;0,7;Плюс;Ангарск;Надежный
Гречка;Мешок;50;Крупы;6;186,04;1;Плюс;Ангарск;Надежный
"Конфеты ""Ананасные""";Коробка;0,3;Кондитерские изделия;34;49,88;1;Плюс;Ангарск;Надежный
"Конфеты ""Асорти""";Коробка;0,4;Кондитерские изделия;65;23,66;1;Плюс;Ангарск;Надежный
"Конфеты ""Весна""";Коробка;0,5;Кондитерские изделия;17;22;1;Плюс;Ангарск;Надежный
Рис;Мешок;50;Крупы;29;251,54;1;Плюс;Ангарск;Надежный
Сигареты Петр 1;Блок;0,2;Табачные изделия;9;56,13;1;Плюс;Ангарск;Надежный
"Конфеты ""Ананасные""";Коробка;0,3;Кондитерские изделия;197;27,97;0,2;Плюс;Ангарск;Надежный
"Конфеты ""Асорти""";Коробка;0,4;Кондитерские изделия;26;40,89;0,2;Плюс;Ангарск;Надежный
"Конфеты ""Весна""";Коробка;0,5;Кондитерские изделия;34;21,53;0,2;Плюс;Ангарск;Надежный
"Конфеты ""Визит""";Коробка;0,6;Кондитерские изделия;16;73,32;0,2;Плюс;Ангарск;Надежный
Крупа манная;Мешок;50;Крупы;24;239,45;0,2;Плюс;Ангарск;Надежный
Пшено;Мешок;50;Крупы;29;272,28;0,2;Плюс;Ангарск;Надежный
Рис;Мешок;50;Крупы;93;469,36;0,2;Плюс;Ангарск;Надежный
Сигареты Fine Line;Блок;0,2;Табачные изделия;19;118,79;0,2;Плюс;Ангарск;Надежный
Сигареты MarlBoro;Блок;0,2;Табачные изделия;17;128,52;0,2;Плюс;Ангарск;Надежный
Сигареты Петр 1;Блок;0,2;Табачные изделия;236;96,83;0,2;Плюс;Ангарск;Надежный
